5583237120	source_c_webdataset/1000/shard_000000.tar
5575516160	source_c_webdataset/1000/shard_000001.tar
5619087360	source_c_webdataset/1000/shard_000002.tar
5590333440	source_c_webdataset/1000/shard_000003.tar
5593722880	source_c_webdataset/1000/shard_000004.tar
5562081280	source_c_webdataset/1000/shard_000005.tar
5582909440	source_c_webdataset/1000/shard_000006.tar
5601658880	source_c_webdataset/1000/shard_000007.tar
5603880960	source_c_webdataset/1000/shard_000008.tar
5610434560	source_c_webdataset/1000/shard_000009.tar
5592811520	source_c_webdataset/1000/shard_000010.tar
5582807040	source_c_webdataset/1000/shard_000011.tar
5580687360	source_c_webdataset/1000/shard_000012.tar
5595811840	source_c_webdataset/1000/shard_000013.tar
5577840640	source_c_webdataset/1000/shard_000014.tar
5621667840	source_c_webdataset/1000/shard_000015.tar
5592442880	source_c_webdataset/1000/shard_000016.tar
5578536960	source_c_webdataset/1000/shard_000017.tar
5585254400	source_c_webdataset/1000/shard_000018.tar
5590568960	source_c_webdataset/1000/shard_000019.tar
5601648640	source_c_webdataset/1000/shard_000020.tar
5605242880	source_c_webdataset/1000/shard_000021.tar
5615902720	source_c_webdataset/1000/shard_000022.tar
5566105600	source_c_webdataset/1000/shard_000023.tar
5587517440	source_c_webdataset/1000/shard_000024.tar
5593620480	source_c_webdataset/1000/shard_000025.tar
5583544320	source_c_webdataset/1000/shard_000026.tar
5575649280	source_c_webdataset/1000/shard_000027.tar
5578424320	source_c_webdataset/1000/shard_000028.tar
5614704640	source_c_webdataset/1000/shard_000029.tar
5588602880	source_c_webdataset/1000/shard_000030.tar
5589094400	source_c_webdataset/1000/shard_000031.tar
5584547840	source_c_webdataset/1000/shard_000032.tar
5595504640	source_c_webdataset/1000/shard_000033.tar
5584261120	source_c_webdataset/1000/shard_000034.tar
5598822400	source_c_webdataset/1000/shard_000035.tar
5597788160	source_c_webdataset/1000/shard_000036.tar
5609195520	source_c_webdataset/1000/shard_000037.tar
5598464000	source_c_webdataset/1000/shard_000038.tar
5570191360	source_c_webdataset/1000/shard_000039.tar
5576007680	source_c_webdataset/1000/shard_000040.tar
5579397120	source_c_webdataset/1000/shard_000041.tar
5596108800	source_c_webdataset/1000/shard_000042.tar
5564999680	source_c_webdataset/1000/shard_000043.tar
5583175680	source_c_webdataset/1000/shard_000044.tar
5584803840	source_c_webdataset/1000/shard_000045.tar
5561681920	source_c_webdataset/1000/shard_000046.tar
5606891520	source_c_webdataset/1000/shard_000047.tar
5599160320	source_c_webdataset/1000/shard_000048.tar
5610557440	source_c_webdataset/1000/shard_000049.tar
5593784320	source_c_webdataset/1000/shard_000050.tar
5596436480	source_c_webdataset/1000/shard_000051.tar
5586298880	source_c_webdataset/1000/shard_000052.tar
5608366080	source_c_webdataset/1000/shard_000053.tar
5592340480	source_c_webdataset/1000/shard_000054.tar
5588981760	source_c_webdataset/1000/shard_000055.tar
5566187520	source_c_webdataset/1000/shard_000056.tar
5592565760	source_c_webdataset/1000/shard_000057.tar
5578229760	source_c_webdataset/1000/shard_000058.tar
5588203520	source_c_webdataset/1000/shard_000059.tar
5594112000	source_c_webdataset/1000/shard_000060.tar
5604659200	source_c_webdataset/1000/shard_000061.tar
5579581440	source_c_webdataset/1000/shard_000062.tar
5612451840	source_c_webdataset/1000/shard_000063.tar
5562726400	source_c_webdataset/1000/shard_000064.tar
5612759040	source_c_webdataset/1000/shard_000065.tar
5570856960	source_c_webdataset/1000/shard_000066.tar
5597224960	source_c_webdataset/1000/shard_000067.tar
5601945600	source_c_webdataset/1000/shard_000068.tar
5583411200	source_c_webdataset/1000/shard_000069.tar
5582704640	source_c_webdataset/1000/shard_000070.tar
5590917120	source_c_webdataset/1000/shard_000071.tar
5580861440	source_c_webdataset/1000/shard_000072.tar
5597542400	source_c_webdataset/1000/shard_000073.tar
5599119360	source_c_webdataset/1000/shard_000074.tar
5594071040	source_c_webdataset/1000/shard_000075.tar
5574338560	source_c_webdataset/1000/shard_000076.tar
5576724480	source_c_webdataset/1000/shard_000077.tar
5596467200	source_c_webdataset/1000/shard_000078.tar
5590824960	source_c_webdataset/1000/shard_000079.tar
5574266880	source_c_webdataset/1000/shard_000080.tar
5611591680	source_c_webdataset/1000/shard_000081.tar
5571584000	source_c_webdataset/1000/shard_000082.tar
5599354880	source_c_webdataset/1000/shard_000083.tar
5587374080	source_c_webdataset/1000/shard_000084.tar
5593333760	source_c_webdataset/1000/shard_000085.tar
5567682560	source_c_webdataset/1000/shard_000086.tar
5583216640	source_c_webdataset/1000/shard_000087.tar
5599221760	source_c_webdataset/1000/shard_000088.tar
5579878400	source_c_webdataset/1000/shard_000089.tar
5583595520	source_c_webdataset/1000/shard_000090.tar
5572413440	source_c_webdataset/1000/shard_000091.tar
5600471040	source_c_webdataset/1000/shard_000092.tar
5593528320	source_c_webdataset/1000/shard_000093.tar
5591132160	source_c_webdataset/1000/shard_000094.tar
5600645120	source_c_webdataset/1000/shard_000095.tar
5596907520	source_c_webdataset/1000/shard_000096.tar
5577000960	source_c_webdataset/1000/shard_000097.tar
5595125760	source_c_webdataset/1000/shard_000098.tar
5591132160	source_c_webdataset/1000/shard_000099.tar
5595310080	source_c_webdataset/1000/shard_000100.tar
5583605760	source_c_webdataset/1000/shard_000101.tar
5591121920	source_c_webdataset/1000/shard_000102.tar
5594982400	source_c_webdataset/1000/shard_000103.tar
5592801280	source_c_webdataset/1000/shard_000104.tar
5591777280	source_c_webdataset/1000/shard_000105.tar
5578055680	source_c_webdataset/1000/shard_000106.tar
5590231040	source_c_webdataset/1000/shard_000107.tar
5578967040	source_c_webdataset/1000/shard_000108.tar
5620736000	source_c_webdataset/1000/shard_000109.tar
5596241920	source_c_webdataset/1000/shard_000110.tar
5598382080	source_c_webdataset/1000/shard_000111.tar
5589534720	source_c_webdataset/1000/shard_000112.tar
5571901440	source_c_webdataset/1000/shard_000113.tar
5597736960	source_c_webdataset/1000/shard_000114.tar
5598443520	source_c_webdataset/1000/shard_000115.tar
5594101760	source_c_webdataset/1000/shard_000116.tar
5602232320	source_c_webdataset/1000/shard_000117.tar
5572331520	source_c_webdataset/1000/shard_000118.tar
5597818880	source_c_webdataset/1000/shard_000119.tar
5590456320	source_c_webdataset/1000/shard_000120.tar
5588746240	source_c_webdataset/1000/shard_000121.tar
5592862720	source_c_webdataset/1000/shard_000122.tar
5598054400	source_c_webdataset/1000/shard_000123.tar
5597747200	source_c_webdataset/1000/shard_000124.tar
5561937920	source_c_webdataset/1000/shard_000125.tar
5603194880	source_c_webdataset/1000/shard_000126.tar
5597829120	source_c_webdataset/1000/shard_000127.tar
5589186560	source_c_webdataset/1000/shard_000128.tar
5577635840	source_c_webdataset/1000/shard_000129.tar
5603717120	source_c_webdataset/1000/shard_000130.tar
5577615360	source_c_webdataset/1000/shard_000131.tar
5591664640	source_c_webdataset/1000/shard_000132.tar
5603215360	source_c_webdataset/1000/shard_000133.tar
5588418560	source_c_webdataset/1000/shard_000134.tar
5603010560	source_c_webdataset/1000/shard_000135.tar
5573509120	source_c_webdataset/1000/shard_000136.tar
5587200000	source_c_webdataset/1000/shard_000137.tar
5577123840	source_c_webdataset/1000/shard_000138.tar
5588111360	source_c_webdataset/1000/shard_000139.tar
5573324800	source_c_webdataset/1000/shard_000140.tar
5606287360	source_c_webdataset/1000/shard_000141.tar
5593036800	source_c_webdataset/1000/shard_000142.tar
5600808960	source_c_webdataset/1000/shard_000143.tar
5574952960	source_c_webdataset/1000/shard_000144.tar
5600911360	source_c_webdataset/1000/shard_000145.tar
5564917760	source_c_webdataset/1000/shard_000146.tar
5585756160	source_c_webdataset/1000/shard_000147.tar
5602785280	source_c_webdataset/1000/shard_000148.tar
5583523840	source_c_webdataset/1000/shard_000149.tar
5594849280	source_c_webdataset/1000/shard_000150.tar
5598044160	source_c_webdataset/1000/shard_000151.tar
5572280320	source_c_webdataset/1000/shard_000152.tar
5605109760	source_c_webdataset/1000/shard_000153.tar
5580677120	source_c_webdataset/1000/shard_000154.tar
5563924480	source_c_webdataset/1000/shard_000155.tar
5598658560	source_c_webdataset/1000/shard_000156.tar
5616035840	source_c_webdataset/1000/shard_000157.tar
5583513600	source_c_webdataset/1000/shard_000158.tar
5579950080	source_c_webdataset/1000/shard_000159.tar
5591029760	source_c_webdataset/1000/shard_000160.tar
5575208960	source_c_webdataset/1000/shard_000161.tar
5586298880	source_c_webdataset/1000/shard_000162.tar
5605939200	source_c_webdataset/1000/shard_000163.tar
5589248000	source_c_webdataset/1000/shard_000164.tar
5568256000	source_c_webdataset/1000/shard_000165.tar
5587957760	source_c_webdataset/1000/shard_000166.tar
5585950720	source_c_webdataset/1000/shard_000167.tar
5614858240	source_c_webdataset/1000/shard_000168.tar
5608744960	source_c_webdataset/1000/shard_000169.tar
5598136320	source_c_webdataset/1000/shard_000170.tar
5603624960	source_c_webdataset/1000/shard_000171.tar
5589780480	source_c_webdataset/1000/shard_000172.tar
5596958720	source_c_webdataset/1000/shard_000173.tar
5576140800	source_c_webdataset/1000/shard_000174.tar
5583472640	source_c_webdataset/1000/shard_000175.tar
5591644160	source_c_webdataset/1000/shard_000176.tar
5584312320	source_c_webdataset/1000/shard_000177.tar
5598146560	source_c_webdataset/1000/shard_000178.tar
5564907520	source_c_webdataset/1000/shard_000179.tar
5568675840	source_c_webdataset/1000/shard_000180.tar
5587077120	source_c_webdataset/1000/shard_000181.tar
5586339840	source_c_webdataset/1000/shard_000182.tar
5565091840	source_c_webdataset/1000/shard_000183.tar
5581905920	source_c_webdataset/1000/shard_000184.tar
5590323200	source_c_webdataset/1000/shard_000185.tar
5554657280	source_c_webdataset/1000/shard_000186.tar
5586554880	source_c_webdataset/1000/shard_000187.tar
5568983040	source_c_webdataset/1000/shard_000188.tar
5603072000	source_c_webdataset/1000/shard_000189.tar
5554872320	source_c_webdataset/1000/shard_000190.tar
5609830400	source_c_webdataset/1000/shard_000191.tar
5585418240	source_c_webdataset/1000/shard_000192.tar
5563781120	source_c_webdataset/1000/shard_000193.tar
5582673920	source_c_webdataset/1000/shard_000194.tar
5595054080	source_c_webdataset/1000/shard_000195.tar
5569034240	source_c_webdataset/1000/shard_000196.tar
5614039040	source_c_webdataset/1000/shard_000197.tar
5596303360	source_c_webdataset/1000/shard_000198.tar
5594081280	source_c_webdataset/1000/shard_000199.tar
5589391360	source_c_webdataset/1000/shard_000200.tar
5595658240	source_c_webdataset/1000/shard_000201.tar
5605406720	source_c_webdataset/1000/shard_000202.tar
5586094080	source_c_webdataset/1000/shard_000203.tar
5594941440	source_c_webdataset/1000/shard_000204.tar
5611509760	source_c_webdataset/1000/shard_000205.tar
5585213440	source_c_webdataset/1000/shard_000206.tar
5594265600	source_c_webdataset/1000/shard_000207.tar
5586227200	source_c_webdataset/1000/shard_000208.tar
5606133760	source_c_webdataset/1000/shard_000209.tar
5583892480	source_c_webdataset/1000/shard_000210.tar
5590272000	source_c_webdataset/1000/shard_000211.tar
5592832000	source_c_webdataset/1000/shard_000212.tar
5581445120	source_c_webdataset/1000/shard_000213.tar
5593948160	source_c_webdataset/1000/shard_000214.tar
5600768000	source_c_webdataset/1000/shard_000215.tar
5601515520	source_c_webdataset/1000/shard_000216.tar
5604341760	source_c_webdataset/1000/shard_000217.tar
5605529600	source_c_webdataset/1000/shard_000218.tar
5563207680	source_c_webdataset/1000/shard_000219.tar
5603778560	source_c_webdataset/1000/shard_000220.tar
5599477760	source_c_webdataset/1000/shard_000221.tar
5593344000	source_c_webdataset/1000/shard_000222.tar
5599795200	source_c_webdataset/1000/shard_000223.tar
5588172800	source_c_webdataset/1000/shard_000224.tar
5596958720	source_c_webdataset/1000/shard_000225.tar
5611683840	source_c_webdataset/1000/shard_000226.tar
5592023040	source_c_webdataset/1000/shard_000227.tar
5572454400	source_c_webdataset/1000/shard_000228.tar
5587466240	source_c_webdataset/1000/shard_000229.tar
5586718720	source_c_webdataset/1000/shard_000230.tar
5590179840	source_c_webdataset/1000/shard_000231.tar
5581035520	source_c_webdataset/1000/shard_000232.tar
5583360000	source_c_webdataset/1000/shard_000233.tar
5595412480	source_c_webdataset/1000/shard_000234.tar
5591367680	source_c_webdataset/1000/shard_000235.tar
5588428800	source_c_webdataset/1000/shard_000236.tar
5598412800	source_c_webdataset/1000/shard_000237.tar
5588664320	source_c_webdataset/1000/shard_000238.tar
5592678400	source_c_webdataset/1000/shard_000239.tar
5580431360	source_c_webdataset/1000/shard_000240.tar
5601751040	source_c_webdataset/1000/shard_000241.tar
5586718720	source_c_webdataset/1000/shard_000242.tar
5601372160	source_c_webdataset/1000/shard_000243.tar
5613731840	source_c_webdataset/1000/shard_000244.tar
5575475200	source_c_webdataset/1000/shard_000245.tar
5581199360	source_c_webdataset/1000/shard_000246.tar
5583841280	source_c_webdataset/1000/shard_000247.tar
5593763840	source_c_webdataset/1000/shard_000248.tar
5568706560	source_c_webdataset/1000/shard_000249.tar
5590517760	source_c_webdataset/1000/shard_000250.tar
5591183360	source_c_webdataset/1000/shard_000251.tar
5596733440	source_c_webdataset/1000/shard_000252.tar
5603614720	source_c_webdataset/1000/shard_000253.tar
5585356800	source_c_webdataset/1000/shard_000254.tar
5593169920	source_c_webdataset/1000/shard_000255.tar
5591029760	source_c_webdataset/1000/shard_000256.tar
5606123520	source_c_webdataset/1000/shard_000257.tar
5595811840	source_c_webdataset/1000/shard_000258.tar
5607936000	source_c_webdataset/1000/shard_000259.tar
5593405440	source_c_webdataset/1000/shard_000260.tar
5583790080	source_c_webdataset/1000/shard_000261.tar
5575096320	source_c_webdataset/1000/shard_000262.tar
5565798400	source_c_webdataset/1000/shard_000263.tar
5569177600	source_c_webdataset/1000/shard_000264.tar
5579397120	source_c_webdataset/1000/shard_000265.tar
5602539520	source_c_webdataset/1000/shard_000266.tar
5580206080	source_c_webdataset/1000/shard_000267.tar
5592627200	source_c_webdataset/1000/shard_000268.tar
5603082240	source_c_webdataset/1000/shard_000269.tar
5571430400	source_c_webdataset/1000/shard_000270.tar
5602693120	source_c_webdataset/1000/shard_000271.tar
5604321280	source_c_webdataset/1000/shard_000272.tar
5598289920	source_c_webdataset/1000/shard_000273.tar
5585612800	source_c_webdataset/1000/shard_000274.tar
5595760640	source_c_webdataset/1000/shard_000275.tar
5589852160	source_c_webdataset/1000/shard_000276.tar
5575127040	source_c_webdataset/1000/shard_000277.tar
5572003840	source_c_webdataset/1000/shard_000278.tar
5591695360	source_c_webdataset/1000/shard_000279.tar
5598986240	source_c_webdataset/1000/shard_000280.tar
5613608960	source_c_webdataset/1000/shard_000281.tar
5600286720	source_c_webdataset/1000/shard_000282.tar
5594654720	source_c_webdataset/1000/shard_000283.tar
5576632320	source_c_webdataset/1000/shard_000284.tar
5582489600	source_c_webdataset/1000/shard_000285.tar
5588377600	source_c_webdataset/1000/shard_000286.tar
5595555840	source_c_webdataset/1000/shard_000287.tar
5604618240	source_c_webdataset/1000/shard_000288.tar
5583360000	source_c_webdataset/1000/shard_000289.tar
5594490880	source_c_webdataset/1000/shard_000290.tar
5603358720	source_c_webdataset/1000/shard_000291.tar
5573539840	source_c_webdataset/1000/shard_000292.tar
5595269120	source_c_webdataset/1000/shard_000293.tar
5600358400	source_c_webdataset/1000/shard_000294.tar
5594992640	source_c_webdataset/1000/shard_000295.tar
5579714560	source_c_webdataset/1000/shard_000296.tar
5588981760	source_c_webdataset/1000/shard_000297.tar
5604577280	source_c_webdataset/1000/shard_000298.tar
5583482880	source_c_webdataset/1000/shard_000299.tar
5569669120	source_c_webdataset/1000/shard_000300.tar
5603031040	source_c_webdataset/1000/shard_000301.tar
5596979200	source_c_webdataset/1000/shard_000302.tar
5596794880	source_c_webdataset/1000/shard_000303.tar
5599211520	source_c_webdataset/1000/shard_000304.tar
5599641600	source_c_webdataset/1000/shard_000305.tar
5578250240	source_c_webdataset/1000/shard_000306.tar
5584947200	source_c_webdataset/1000/shard_000307.tar
5605898240	source_c_webdataset/1000/shard_000308.tar
5597532160	source_c_webdataset/1000/shard_000309.tar
5591746560	source_c_webdataset/1000/shard_000310.tar
5586350080	source_c_webdataset/1000/shard_000311.tar
5605253120	source_c_webdataset/1000/shard_000312.tar
5578567680	source_c_webdataset/1000/shard_000313.tar
5588899840	source_c_webdataset/1000/shard_000314.tar
5595361280	source_c_webdataset/1000/shard_000315.tar
5597235200	source_c_webdataset/1000/shard_000316.tar
5600727040	source_c_webdataset/1000/shard_000317.tar
5608325120	source_c_webdataset/1000/shard_000318.tar
5595381760	source_c_webdataset/1000/shard_000319.tar
5592903680	source_c_webdataset/1000/shard_000320.tar
5584015360	source_c_webdataset/1000/shard_000321.tar
5592197120	source_c_webdataset/1000/shard_000322.tar
5577789440	source_c_webdataset/1000/shard_000323.tar
5603461120	source_c_webdataset/1000/shard_000324.tar
5583022080	source_c_webdataset/1000/shard_000325.tar
5596067840	source_c_webdataset/1000/shard_000326.tar
5596262400	source_c_webdataset/1000/shard_000327.tar
5607505920	source_c_webdataset/1000/shard_000328.tar
5576007680	source_c_webdataset/1000/shard_000329.tar
5567744000	source_c_webdataset/1000/shard_000330.tar
5571328000	source_c_webdataset/1000/shard_000331.tar
5570181120	source_c_webdataset/1000/shard_000332.tar
5594357760	source_c_webdataset/1000/shard_000333.tar
5592289280	source_c_webdataset/1000/shard_000334.tar
5588244480	source_c_webdataset/1000/shard_000335.tar
5563842560	source_c_webdataset/1000/shard_000336.tar
5587015680	source_c_webdataset/1000/shard_000337.tar
5590671360	source_c_webdataset/1000/shard_000338.tar
5568389120	source_c_webdataset/1000/shard_000339.tar
5570263040	source_c_webdataset/1000/shard_000340.tar
5587517440	source_c_webdataset/1000/shard_000341.tar
5573283840	source_c_webdataset/1000/shard_000342.tar
5577420800	source_c_webdataset/1000/shard_000343.tar
5572454400	source_c_webdataset/1000/shard_000344.tar
5585172480	source_c_webdataset/1000/shard_000345.tar
5604864000	source_c_webdataset/1000/shard_000346.tar
5582028800	source_c_webdataset/1000/shard_000347.tar
5590743040	source_c_webdataset/1000/shard_000348.tar
5594347520	source_c_webdataset/1000/shard_000349.tar
5584732160	source_c_webdataset/1000/shard_000350.tar
5575608320	source_c_webdataset/1000/shard_000351.tar
5577011200	source_c_webdataset/1000/shard_000352.tar
5594163200	source_c_webdataset/1000/shard_000353.tar
5597163520	source_c_webdataset/1000/shard_000354.tar
5608857600	source_c_webdataset/1000/shard_000355.tar
5594071040	source_c_webdataset/1000/shard_000356.tar
5579141120	source_c_webdataset/1000/shard_000357.tar
5575741440	source_c_webdataset/1000/shard_000358.tar
5586452480	source_c_webdataset/1000/shard_000359.tar
5600430080	source_c_webdataset/1000/shard_000360.tar
5586380800	source_c_webdataset/1000/shard_000361.tar
5591367680	source_c_webdataset/1000/shard_000362.tar
5581670400	source_c_webdataset/1000/shard_000363.tar
5588049920	source_c_webdataset/1000/shard_000364.tar
5577861120	source_c_webdataset/1000/shard_000365.tar
5576458240	source_c_webdataset/1000/shard_000366.tar
5594286080	source_c_webdataset/1000/shard_000367.tar
5577697280	source_c_webdataset/1000/shard_000368.tar
5588316160	source_c_webdataset/1000/shard_000369.tar
5566976000	source_c_webdataset/1000/shard_000370.tar
5593978880	source_c_webdataset/1000/shard_000371.tar
5608632320	source_c_webdataset/1000/shard_000372.tar
5605109760	source_c_webdataset/1000/shard_000373.tar
5574440960	source_c_webdataset/1000/shard_000374.tar
5590855680	source_c_webdataset/1000/shard_000375.tar
5584056320	source_c_webdataset/1000/shard_000376.tar
5624002560	source_c_webdataset/1000/shard_000377.tar
5585960960	source_c_webdataset/1000/shard_000378.tar
5589811200	source_c_webdataset/1000/shard_000379.tar
5597931520	source_c_webdataset/1000/shard_000380.tar
5589135360	source_c_webdataset/1000/shard_000381.tar
5581527040	source_c_webdataset/1000/shard_000382.tar
5603584000	source_c_webdataset/1000/shard_000383.tar
5617653760	source_c_webdataset/1000/shard_000384.tar
5575772160	source_c_webdataset/1000/shard_000385.tar
5593640960	source_c_webdataset/1000/shard_000386.tar
5583912960	source_c_webdataset/1000/shard_000387.tar
5586749440	source_c_webdataset/1000/shard_000388.tar
5607444480	source_c_webdataset/1000/shard_000389.tar
5607331840	source_c_webdataset/1000/shard_000390.tar
5585735680	source_c_webdataset/1000/shard_000391.tar
5602007040	source_c_webdataset/1000/shard_000392.tar
5602990080	source_c_webdataset/1000/shard_000393.tar
5587251200	source_c_webdataset/1000/shard_000394.tar
5575659520	source_c_webdataset/1000/shard_000395.tar
5602775040	source_c_webdataset/1000/shard_000396.tar
5597808640	source_c_webdataset/1000/shard_000397.tar
5574952960	source_c_webdataset/1000/shard_000398.tar
5590179840	source_c_webdataset/1000/shard_000399.tar
5578854400	source_c_webdataset/1000/shard_000400.tar
5592678400	source_c_webdataset/1000/shard_000401.tar
5590814720	source_c_webdataset/1000/shard_000402.tar
5600768000	source_c_webdataset/1000/shard_000403.tar
5590999040	source_c_webdataset/1000/shard_000404.tar
5587353600	source_c_webdataset/1000/shard_000405.tar
5560166400	source_c_webdataset/1000/shard_000406.tar
5567037440	source_c_webdataset/1000/shard_000407.tar
5602826240	source_c_webdataset/1000/shard_000408.tar
5586329600	source_c_webdataset/1000/shard_000409.tar
5586872320	source_c_webdataset/1000/shard_000410.tar
5579960320	source_c_webdataset/1000/shard_000411.tar
5591644160	source_c_webdataset/1000/shard_000412.tar
5580625920	source_c_webdataset/1000/shard_000413.tar
5598269440	source_c_webdataset/1000/shard_000414.tar
5588357120	source_c_webdataset/1000/shard_000415.tar
5607649280	source_c_webdataset/1000/shard_000416.tar
5581875200	source_c_webdataset/1000/shard_000417.tar
5581762560	source_c_webdataset/1000/shard_000418.tar
5573304320	source_c_webdataset/1000/shard_000419.tar
5592002560	source_c_webdataset/1000/shard_000420.tar
5579079680	source_c_webdataset/1000/shard_000421.tar
5580226560	source_c_webdataset/1000/shard_000422.tar
5571512320	source_c_webdataset/1000/shard_000423.tar
5570631680	source_c_webdataset/1000/shard_000424.tar
5579909120	source_c_webdataset/1000/shard_000425.tar
5553981440	source_c_webdataset/1000/shard_000426.tar
5600378880	source_c_webdataset/1000/shard_000427.tar
5592453120	source_c_webdataset/1000/shard_000428.tar
5586667520	source_c_webdataset/1000/shard_000429.tar
5604392960	source_c_webdataset/1000/shard_000430.tar
5580380160	source_c_webdataset/1000/shard_000431.tar
5582213120	source_c_webdataset/1000/shard_000432.tar
5608857600	source_c_webdataset/1000/shard_000433.tar
5590343680	source_c_webdataset/1000/shard_000434.tar
5575577600	source_c_webdataset/1000/shard_000435.tar
5605949440	source_c_webdataset/1000/shard_000436.tar
5588592640	source_c_webdataset/1000/shard_000437.tar
5590087680	source_c_webdataset/1000/shard_000438.tar
5578618880	source_c_webdataset/1000/shard_000439.tar
5578434560	source_c_webdataset/1000/shard_000440.tar
5578291200	source_c_webdataset/1000/shard_000441.tar
5585745920	source_c_webdataset/1000/shard_000442.tar
5574952960	source_c_webdataset/1000/shard_000443.tar
5600706560	source_c_webdataset/1000/shard_000444.tar
5591408640	source_c_webdataset/1000/shard_000445.tar
5591121920	source_c_webdataset/1000/shard_000446.tar
5600266240	source_c_webdataset/1000/shard_000447.tar
5608120320	source_c_webdataset/1000/shard_000448.tar
5594357760	source_c_webdataset/1000/shard_000449.tar
5597347840	source_c_webdataset/1000/shard_000450.tar
5589043200	source_c_webdataset/1000/shard_000451.tar
5599641600	source_c_webdataset/1000/shard_000452.tar
5565470720	source_c_webdataset/1000/shard_000453.tar
5591900160	source_c_webdataset/1000/shard_000454.tar
5582192640	source_c_webdataset/1000/shard_000455.tar
5587732480	source_c_webdataset/1000/shard_000456.tar
5573212160	source_c_webdataset/1000/shard_000457.tar
5597880320	source_c_webdataset/1000/shard_000458.tar
5578711040	source_c_webdataset/1000/shard_000459.tar
5562460160	source_c_webdataset/1000/shard_000460.tar
5613445120	source_c_webdataset/1000/shard_000461.tar
5597818880	source_c_webdataset/1000/shard_000462.tar
5584445440	source_c_webdataset/1000/shard_000463.tar
5585448960	source_c_webdataset/1000/shard_000464.tar
5610106880	source_c_webdataset/1000/shard_000465.tar
5589862400	source_c_webdataset/1000/shard_000466.tar
5572976640	source_c_webdataset/1000/shard_000467.tar
5584916480	source_c_webdataset/1000/shard_000468.tar
5596344320	source_c_webdataset/1000/shard_000469.tar
5580738560	source_c_webdataset/1000/shard_000470.tar
5579980800	source_c_webdataset/1000/shard_000471.tar
5599057920	source_c_webdataset/1000/shard_000472.tar
5593835520	source_c_webdataset/1000/shard_000473.tar
5600542720	source_c_webdataset/1000/shard_000474.tar
5580707840	source_c_webdataset/1000/shard_000475.tar
5599467520	source_c_webdataset/1000/shard_000476.tar
5601935360	source_c_webdataset/1000/shard_000477.tar
5584680960	source_c_webdataset/1000/shard_000478.tar
5578649600	source_c_webdataset/1000/shard_000479.tar
5584783360	source_c_webdataset/1000/shard_000480.tar
5605038080	source_c_webdataset/1000/shard_000481.tar
5589248000	source_c_webdataset/1000/shard_000482.tar
5578250240	source_c_webdataset/1000/shard_000483.tar
5593159680	source_c_webdataset/1000/shard_000484.tar
5594122240	source_c_webdataset/1000/shard_000485.tar
5576724480	source_c_webdataset/1000/shard_000486.tar
5608212480	source_c_webdataset/1000/shard_000487.tar
5598853120	source_c_webdataset/1000/shard_000488.tar
5595054080	source_c_webdataset/1000/shard_000489.tar
5606021120	source_c_webdataset/1000/shard_000490.tar
5594726400	source_c_webdataset/1000/shard_000491.tar
5596334080	source_c_webdataset/1000/shard_000492.tar
5593896960	source_c_webdataset/1000/shard_000493.tar
5589483520	source_c_webdataset/1000/shard_000494.tar
5600122880	source_c_webdataset/1000/shard_000495.tar
5589176320	source_c_webdataset/1000/shard_000496.tar
5611264000	source_c_webdataset/1000/shard_000497.tar
5585408000	source_c_webdataset/1000/shard_000498.tar
5585408000	source_c_webdataset/1000/shard_000499.tar
5600327680	source_c_webdataset/1000/shard_000500.tar
5602580480	source_c_webdataset/1000/shard_000501.tar
5589084160	source_c_webdataset/1000/shard_000502.tar
5610035200	source_c_webdataset/1000/shard_000503.tar
5582141440	source_c_webdataset/1000/shard_000504.tar
5590681600	source_c_webdataset/1000/shard_000505.tar
5605027840	source_c_webdataset/1000/shard_000506.tar
5578291200	source_c_webdataset/1000/shard_000507.tar
5572003840	source_c_webdataset/1000/shard_000508.tar
5616998400	source_c_webdataset/1000/shard_000509.tar
5591511040	source_c_webdataset/1000/shard_000510.tar
5580544000	source_c_webdataset/1000/shard_000511.tar
5582100480	source_c_webdataset/1000/shard_000512.tar
5596958720	source_c_webdataset/1000/shard_000513.tar
5599293440	source_c_webdataset/1000/shard_000514.tar
5594767360	source_c_webdataset/1000/shard_000515.tar
5565931520	source_c_webdataset/1000/shard_000516.tar
5599426560	source_c_webdataset/1000/shard_000517.tar
5589708800	source_c_webdataset/1000/shard_000518.tar
5611110400	source_c_webdataset/1000/shard_000519.tar
5604147200	source_c_webdataset/1000/shard_000520.tar
5590947840	source_c_webdataset/1000/shard_000521.tar
5602744320	source_c_webdataset/1000/shard_000522.tar
5584640000	source_c_webdataset/1000/shard_000523.tar
5596661760	source_c_webdataset/1000/shard_000524.tar
5576724480	source_c_webdataset/1000/shard_000525.tar
5609646080	source_c_webdataset/1000/shard_000526.tar
5587589120	source_c_webdataset/1000/shard_000527.tar
5584711680	source_c_webdataset/1000/shard_000528.tar
5595699200	source_c_webdataset/1000/shard_000529.tar
5570252800	source_c_webdataset/1000/shard_000530.tar
5604526080	source_c_webdataset/1000/shard_000531.tar
5607895040	source_c_webdataset/1000/shard_000532.tar
5594572800	source_c_webdataset/1000/shard_000533.tar
5596989440	source_c_webdataset/1000/shard_000534.tar
5608622080	source_c_webdataset/1000/shard_000535.tar
5579304960	source_c_webdataset/1000/shard_000536.tar
5581240320	source_c_webdataset/1000/shard_000537.tar
5563269120	source_c_webdataset/1000/shard_000538.tar
5586073600	source_c_webdataset/1000/shard_000539.tar
5588971520	source_c_webdataset/1000/shard_000540.tar
5579591680	source_c_webdataset/1000/shard_000541.tar
5588725760	source_c_webdataset/1000/shard_000542.tar
5586145280	source_c_webdataset/1000/shard_000543.tar
5598515200	source_c_webdataset/1000/shard_000544.tar
5591203840	source_c_webdataset/1000/shard_000545.tar
5593487360	source_c_webdataset/1000/shard_000546.tar
5582643200	source_c_webdataset/1000/shard_000547.tar
5596774400	source_c_webdataset/1000/shard_000548.tar
5605969920	source_c_webdataset/1000/shard_000549.tar
5599436800	source_c_webdataset/1000/shard_000550.tar
5600788480	source_c_webdataset/1000/shard_000551.tar
5578434560	source_c_webdataset/1000/shard_000552.tar
5595985920	source_c_webdataset/1000/shard_000553.tar
5575290880	source_c_webdataset/1000/shard_000554.tar
5570969600	source_c_webdataset/1000/shard_000555.tar
5583308800	source_c_webdataset/1000/shard_000556.tar
5590804480	source_c_webdataset/1000/shard_000557.tar
5581875200	source_c_webdataset/1000/shard_000558.tar
5580615680	source_c_webdataset/1000/shard_000559.tar
5608693760	source_c_webdataset/1000/shard_000560.tar
5596272640	source_c_webdataset/1000/shard_000561.tar
5585008640	source_c_webdataset/1000/shard_000562.tar
5614202880	source_c_webdataset/1000/shard_000563.tar
5585981440	source_c_webdataset/1000/shard_000564.tar
5596702720	source_c_webdataset/1000/shard_000565.tar
5594818560	source_c_webdataset/1000/shard_000566.tar
5569136640	source_c_webdataset/1000/shard_000567.tar
5609461760	source_c_webdataset/1000/shard_000568.tar
5572945920	source_c_webdataset/1000/shard_000569.tar
5599109120	source_c_webdataset/1000/shard_000570.tar
5607956480	source_c_webdataset/1000/shard_000571.tar
5580400640	source_c_webdataset/1000/shard_000572.tar
5589360640	source_c_webdataset/1000/shard_000573.tar
5594460160	source_c_webdataset/1000/shard_000574.tar
5627627520	source_c_webdataset/1000/shard_000575.tar
5595340800	source_c_webdataset/1000/shard_000576.tar
5613025280	source_c_webdataset/1000/shard_000577.tar
5589575680	source_c_webdataset/1000/shard_000578.tar
5590261760	source_c_webdataset/1000/shard_000579.tar
5608202240	source_c_webdataset/1000/shard_000580.tar
5609103360	source_c_webdataset/1000/shard_000581.tar
5593036800	source_c_webdataset/1000/shard_000582.tar
5577318400	source_c_webdataset/1000/shard_000583.tar
5590415360	source_c_webdataset/1000/shard_000584.tar
5576693760	source_c_webdataset/1000/shard_000585.tar
5605580800	source_c_webdataset/1000/shard_000586.tar
5587589120	source_c_webdataset/1000/shard_000587.tar
5589985280	source_c_webdataset/1000/shard_000588.tar
5579991040	source_c_webdataset/1000/shard_000589.tar
5571829760	source_c_webdataset/1000/shard_000590.tar
5592760320	source_c_webdataset/1000/shard_000591.tar
5596200960	source_c_webdataset/1000/shard_000592.tar
5615534080	source_c_webdataset/1000/shard_000593.tar
5591449600	source_c_webdataset/1000/shard_000594.tar
5575403520	source_c_webdataset/1000/shard_000595.tar
5596928000	source_c_webdataset/1000/shard_000596.tar
5586647040	source_c_webdataset/1000/shard_000597.tar
5584783360	source_c_webdataset/1000/shard_000598.tar
5595402240	source_c_webdataset/1000/shard_000599.tar
5599426560	source_c_webdataset/1000/shard_000600.tar
5605847040	source_c_webdataset/1000/shard_000601.tar
5597255680	source_c_webdataset/1000/shard_000602.tar
5565757440	source_c_webdataset/1000/shard_000603.tar
5584220160	source_c_webdataset/1000/shard_000604.tar
5602088960	source_c_webdataset/1000/shard_000605.tar
5582622720	source_c_webdataset/1000/shard_000606.tar
5585039360	source_c_webdataset/1000/shard_000607.tar
5596108800	source_c_webdataset/1000/shard_000608.tar
5594798080	source_c_webdataset/1000/shard_000609.tar
5594880000	source_c_webdataset/1000/shard_000610.tar
5588070400	source_c_webdataset/1000/shard_000611.tar
5610219520	source_c_webdataset/1000/shard_000612.tar
5589514240	source_c_webdataset/1000/shard_000613.tar
5596661760	source_c_webdataset/1000/shard_000614.tar
5596057600	source_c_webdataset/1000/shard_000615.tar
5567723520	source_c_webdataset/1000/shard_000616.tar
5579284480	source_c_webdataset/1000/shard_000617.tar
5603297280	source_c_webdataset/1000/shard_000618.tar
5586944000	source_c_webdataset/1000/shard_000619.tar
5581916160	source_c_webdataset/1000/shard_000620.tar
5593200640	source_c_webdataset/1000/shard_000621.tar
5596200960	source_c_webdataset/1000/shard_000622.tar
5592320000	source_c_webdataset/1000/shard_000623.tar
5587015680	source_c_webdataset/1000/shard_000624.tar
5594664960	source_c_webdataset/1000/shard_000625.tar
5584762880	source_c_webdataset/1000/shard_000626.tar
5606645760	source_c_webdataset/1000/shard_000627.tar
5600696320	source_c_webdataset/1000/shard_000628.tar
5588142080	source_c_webdataset/1000/shard_000629.tar
5599252480	source_c_webdataset/1000/shard_000630.tar
5577656320	source_c_webdataset/1000/shard_000631.tar
5582305280	source_c_webdataset/1000/shard_000632.tar
5593180160	source_c_webdataset/1000/shard_000633.tar
5582714880	source_c_webdataset/1000/shard_000634.tar
5590999040	source_c_webdataset/1000/shard_000635.tar
5607075840	source_c_webdataset/1000/shard_000636.tar
5591029760	source_c_webdataset/1000/shard_000637.tar
5587855360	source_c_webdataset/1000/shard_000638.tar
5599600640	source_c_webdataset/1000/shard_000639.tar
5573959680	source_c_webdataset/1000/shard_000640.tar
5591726080	source_c_webdataset/1000/shard_000641.tar
5575393280	source_c_webdataset/1000/shard_000642.tar
5586728960	source_c_webdataset/1000/shard_000643.tar
5587906560	source_c_webdataset/1000/shard_000644.tar
5586442240	source_c_webdataset/1000/shard_000645.tar
5608488960	source_c_webdataset/1000/shard_000646.tar
5586370560	source_c_webdataset/1000/shard_000647.tar
5557155840	source_c_webdataset/1000/shard_000648.tar
5584558080	source_c_webdataset/1000/shard_000649.tar
5579397120	source_c_webdataset/1000/shard_000650.tar
5583523840	source_c_webdataset/1000/shard_000651.tar
5586493440	source_c_webdataset/1000/shard_000652.tar
5608448000	source_c_webdataset/1000/shard_000653.tar
5584035840	source_c_webdataset/1000/shard_000654.tar
5588234240	source_c_webdataset/1000/shard_000655.tar
5583011840	source_c_webdataset/1000/shard_000656.tar
5556633600	source_c_webdataset/1000/shard_000657.tar
5586176000	source_c_webdataset/1000/shard_000658.tar
5599641600	source_c_webdataset/1000/shard_000659.tar
5588623360	source_c_webdataset/1000/shard_000660.tar
5582243840	source_c_webdataset/1000/shard_000661.tar
5571553280	source_c_webdataset/1000/shard_000662.tar
5603758080	source_c_webdataset/1000/shard_000663.tar
5594296320	source_c_webdataset/1000/shard_000664.tar
5568778240	source_c_webdataset/1000/shard_000665.tar
5598709760	source_c_webdataset/1000/shard_000666.tar
5605888000	source_c_webdataset/1000/shard_000667.tar
5575372800	source_c_webdataset/1000/shard_000668.tar
5612298240	source_c_webdataset/1000/shard_000669.tar
5577666560	source_c_webdataset/1000/shard_000670.tar
5580625920	source_c_webdataset/1000/shard_000671.tar
5576017920	source_c_webdataset/1000/shard_000672.tar
5582745600	source_c_webdataset/1000/shard_000673.tar
5599406080	source_c_webdataset/1000/shard_000674.tar
5595217920	source_c_webdataset/1000/shard_000675.tar
5581137920	source_c_webdataset/1000/shard_000676.tar
5592084480	source_c_webdataset/1000/shard_000677.tar
5597091840	source_c_webdataset/1000/shard_000678.tar
5582592000	source_c_webdataset/1000/shard_000679.tar
5580779520	source_c_webdataset/1000/shard_000680.tar
5594931200	source_c_webdataset/1000/shard_000681.tar
5587558400	source_c_webdataset/1000/shard_000682.tar
5583093760	source_c_webdataset/1000/shard_000683.tar
5581557760	source_c_webdataset/1000/shard_000684.tar
5589483520	source_c_webdataset/1000/shard_000685.tar
5603481600	source_c_webdataset/1000/shard_000686.tar
5585817600	source_c_webdataset/1000/shard_000687.tar
5587947520	source_c_webdataset/1000/shard_000688.tar
5597665280	source_c_webdataset/1000/shard_000689.tar
5558702080	source_c_webdataset/1000/shard_000690.tar
5612001280	source_c_webdataset/1000/shard_000691.tar
5592371200	source_c_webdataset/1000/shard_000692.tar
5606133760	source_c_webdataset/1000/shard_000693.tar
5574010880	source_c_webdataset/1000/shard_000694.tar
5604986880	source_c_webdataset/1000/shard_000695.tar
5601290240	source_c_webdataset/1000/shard_000696.tar
5595822080	source_c_webdataset/1000/shard_000697.tar
5580738560	source_c_webdataset/1000/shard_000698.tar
5559470080	source_c_webdataset/1000/shard_000699.tar
5606696960	source_c_webdataset/1000/shard_000700.tar
5569658880	source_c_webdataset/1000/shard_000701.tar
5616701440	source_c_webdataset/1000/shard_000702.tar
5592913920	source_c_webdataset/1000/shard_000703.tar
5568112640	source_c_webdataset/1000/shard_000704.tar
5586534400	source_c_webdataset/1000/shard_000705.tar
5591562240	source_c_webdataset/1000/shard_000706.tar
5583073280	source_c_webdataset/1000/shard_000707.tar
5585971200	source_c_webdataset/1000/shard_000708.tar
5585735680	source_c_webdataset/1000/shard_000709.tar
5574051840	source_c_webdataset/1000/shard_000710.tar
5569546240	source_c_webdataset/1000/shard_000711.tar
5593640960	source_c_webdataset/1000/shard_000712.tar
5592985600	source_c_webdataset/1000/shard_000713.tar
5584977920	source_c_webdataset/1000/shard_000714.tar
5598238720	source_c_webdataset/1000/shard_000715.tar
5580769280	source_c_webdataset/1000/shard_000716.tar
5611468800	source_c_webdataset/1000/shard_000717.tar
5600901120	source_c_webdataset/1000/shard_000718.tar
5592094720	source_c_webdataset/1000/shard_000719.tar
5585776640	source_c_webdataset/1000/shard_000720.tar
5606881280	source_c_webdataset/1000/shard_000721.tar
5585223680	source_c_webdataset/1000/shard_000722.tar
5588264960	source_c_webdataset/1000/shard_000723.tar
5603205120	source_c_webdataset/1000/shard_000724.tar
5560668160	source_c_webdataset/1000/shard_000725.tar
5600450560	source_c_webdataset/1000/shard_000726.tar
5593210880	source_c_webdataset/1000/shard_000727.tar
5608908800	source_c_webdataset/1000/shard_000728.tar
5585776640	source_c_webdataset/1000/shard_000729.tar
5593774080	source_c_webdataset/1000/shard_000730.tar
5575700480	source_c_webdataset/1000/shard_000731.tar
5619722240	source_c_webdataset/1000/shard_000732.tar
5587845120	source_c_webdataset/1000/shard_000733.tar
5605181440	source_c_webdataset/1000/shard_000734.tar
5596160000	source_c_webdataset/1000/shard_000735.tar
5581260800	source_c_webdataset/1000/shard_000736.tar
5603164160	source_c_webdataset/1000/shard_000737.tar
5596948480	source_c_webdataset/1000/shard_000738.tar
5595729920	source_c_webdataset/1000/shard_000739.tar
5576294400	source_c_webdataset/1000/shard_000740.tar
5595207680	source_c_webdataset/1000/shard_000741.tar
5591490560	source_c_webdataset/1000/shard_000742.tar
5606328320	source_c_webdataset/1000/shard_000743.tar
5577748480	source_c_webdataset/1000/shard_000744.tar
5603584000	source_c_webdataset/1000/shard_000745.tar
5578240000	source_c_webdataset/1000/shard_000746.tar
5600389120	source_c_webdataset/1000/shard_000747.tar
5602068480	source_c_webdataset/1000/shard_000748.tar
5602672640	source_c_webdataset/1000/shard_000749.tar
5589575680	source_c_webdataset/1000/shard_000750.tar
5589616640	source_c_webdataset/1000/shard_000751.tar
5606574080	source_c_webdataset/1000/shard_000752.tar
5589002240	source_c_webdataset/1000/shard_000753.tar
5623101440	source_c_webdataset/1000/shard_000754.tar
5585233920	source_c_webdataset/1000/shard_000755.tar
5580605440	source_c_webdataset/1000/shard_000756.tar
5586503680	source_c_webdataset/1000/shard_000757.tar
5574932480	source_c_webdataset/1000/shard_000758.tar
5601853440	source_c_webdataset/1000/shard_000759.tar
5592944640	source_c_webdataset/1000/shard_000760.tar
5607055360	source_c_webdataset/1000/shard_000761.tar
5598525440	source_c_webdataset/1000/shard_000762.tar
5584936960	source_c_webdataset/1000/shard_000763.tar
5591879680	source_c_webdataset/1000/shard_000764.tar
5593600000	source_c_webdataset/1000/shard_000765.tar
5596641280	source_c_webdataset/1000/shard_000766.tar
5599211520	source_c_webdataset/1000/shard_000767.tar
5602580480	source_c_webdataset/1000/shard_000768.tar
5604003840	source_c_webdataset/1000/shard_000769.tar
5609103360	source_c_webdataset/1000/shard_000770.tar
5609574400	source_c_webdataset/1000/shard_000771.tar
5594183680	source_c_webdataset/1000/shard_000772.tar
5594388480	source_c_webdataset/1000/shard_000773.tar
5572352000	source_c_webdataset/1000/shard_000774.tar
5588398080	source_c_webdataset/1000/shard_000775.tar
5584394240	source_c_webdataset/1000/shard_000776.tar
5581588480	source_c_webdataset/1000/shard_000777.tar
5586135040	source_c_webdataset/1000/shard_000778.tar
5583646720	source_c_webdataset/1000/shard_000779.tar
5565306880	source_c_webdataset/1000/shard_000780.tar
5592852480	source_c_webdataset/1000/shard_000781.tar
5597399040	source_c_webdataset/1000/shard_000782.tar
5586626560	source_c_webdataset/1000/shard_000783.tar
5619353600	source_c_webdataset/1000/shard_000784.tar
5591613440	source_c_webdataset/1000/shard_000785.tar
5610373120	source_c_webdataset/1000/shard_000786.tar
5598740480	source_c_webdataset/1000/shard_000787.tar
5572730880	source_c_webdataset/1000/shard_000788.tar
5623541760	source_c_webdataset/1000/shard_000789.tar
5584660480	source_c_webdataset/1000/shard_000790.tar
5577205760	source_c_webdataset/1000/shard_000791.tar
5577533440	source_c_webdataset/1000/shard_000792.tar
5608960000	source_c_webdataset/1000/shard_000793.tar
5569566720	source_c_webdataset/1000/shard_000794.tar
5602703360	source_c_webdataset/1000/shard_000795.tar
5585817600	source_c_webdataset/1000/shard_000796.tar
5574307840	source_c_webdataset/1000/shard_000797.tar
5571624960	source_c_webdataset/1000/shard_000798.tar
5582827520	source_c_webdataset/1000/shard_000799.tar
5570846720	source_c_webdataset/1000/shard_000800.tar
5587404800	source_c_webdataset/1000/shard_000801.tar
5559244800	source_c_webdataset/1000/shard_000802.tar
5592391680	source_c_webdataset/1000/shard_000803.tar
5606748160	source_c_webdataset/1000/shard_000804.tar
5610618880	source_c_webdataset/1000/shard_000805.tar
5606481920	source_c_webdataset/1000/shard_000806.tar
5589555200	source_c_webdataset/1000/shard_000807.tar
5572638720	source_c_webdataset/1000/shard_000808.tar
5599477760	source_c_webdataset/1000/shard_000809.tar
5601781760	source_c_webdataset/1000/shard_000810.tar
5599723520	source_c_webdataset/1000/shard_000811.tar
5595750400	source_c_webdataset/1000/shard_000812.tar
5592494080	source_c_webdataset/1000/shard_000813.tar
5601648640	source_c_webdataset/1000/shard_000814.tar
5593804800	source_c_webdataset/1000/shard_000815.tar
5588008960	source_c_webdataset/1000/shard_000816.tar
5593784320	source_c_webdataset/1000/shard_000817.tar
5613066240	source_c_webdataset/1000/shard_000818.tar
5582684160	source_c_webdataset/1000/shard_000819.tar
5605365760	source_c_webdataset/1000/shard_000820.tar
5593958400	source_c_webdataset/1000/shard_000821.tar
5597829120	source_c_webdataset/1000/shard_000822.tar
5612236800	source_c_webdataset/1000/shard_000823.tar
5585643520	source_c_webdataset/1000/shard_000824.tar
5578045440	source_c_webdataset/1000/shard_000825.tar
5602826240	source_c_webdataset/1000/shard_000826.tar
5585090560	source_c_webdataset/1000/shard_000827.tar
5575690240	source_c_webdataset/1000/shard_000828.tar
5598648320	source_c_webdataset/1000/shard_000829.tar
5603502080	source_c_webdataset/1000/shard_000830.tar
5591234560	source_c_webdataset/1000/shard_000831.tar
5594562560	source_c_webdataset/1000/shard_000832.tar
5602314240	source_c_webdataset/1000/shard_000833.tar
5588807680	source_c_webdataset/1000/shard_000834.tar
5592053760	source_c_webdataset/1000/shard_000835.tar
5572444160	source_c_webdataset/1000/shard_000836.tar
5589381120	source_c_webdataset/1000/shard_000837.tar
5599191040	source_c_webdataset/1000/shard_000838.tar
5575168000	source_c_webdataset/1000/shard_000839.tar
5585971200	source_c_webdataset/1000/shard_000840.tar
5612206080	source_c_webdataset/1000/shard_000841.tar
5615513600	source_c_webdataset/1000/shard_000842.tar
5593210880	source_c_webdataset/1000/shard_000843.tar
5595412480	source_c_webdataset/1000/shard_000844.tar
5631692800	source_c_webdataset/1000/shard_000845.tar
5590865920	source_c_webdataset/1000/shard_000846.tar
5608120320	source_c_webdataset/1000/shard_000847.tar
5586954240	source_c_webdataset/1000/shard_000848.tar
5602918400	source_c_webdataset/1000/shard_000849.tar
5602242560	source_c_webdataset/1000/shard_000850.tar
5594613760	source_c_webdataset/1000/shard_000851.tar
5586227200	source_c_webdataset/1000/shard_000852.tar
5575106560	source_c_webdataset/1000/shard_000853.tar
5589872640	source_c_webdataset/1000/shard_000854.tar
5588101120	source_c_webdataset/1000/shard_000855.tar
5599016960	source_c_webdataset/1000/shard_000856.tar
5573867520	source_c_webdataset/1000/shard_000857.tar
5587087360	source_c_webdataset/1000/shard_000858.tar
5601699840	source_c_webdataset/1000/shard_000859.tar
5588367360	source_c_webdataset/1000/shard_000860.tar
5572126720	source_c_webdataset/1000/shard_000861.tar
5601320960	source_c_webdataset/1000/shard_000862.tar
5603911680	source_c_webdataset/1000/shard_000863.tar
5600972800	source_c_webdataset/1000/shard_000864.tar
5565153280	source_c_webdataset/1000/shard_000865.tar
5570969600	source_c_webdataset/1000/shard_000866.tar
5598289920	source_c_webdataset/1000/shard_000867.tar
5605806080	source_c_webdataset/1000/shard_000868.tar
5587312640	source_c_webdataset/1000/shard_000869.tar
5578106880	source_c_webdataset/1000/shard_000870.tar
5602375680	source_c_webdataset/1000/shard_000871.tar
5578772480	source_c_webdataset/1000/shard_000872.tar
5602979840	source_c_webdataset/1000/shard_000873.tar
5593896960	source_c_webdataset/1000/shard_000874.tar
5580503040	source_c_webdataset/1000/shard_000875.tar
5594030080	source_c_webdataset/1000/shard_000876.tar
5593681920	source_c_webdataset/1000/shard_000877.tar
5587650560	source_c_webdataset/1000/shard_000878.tar
5590763520	source_c_webdataset/1000/shard_000879.tar
5595648000	source_c_webdataset/1000/shard_000880.tar
5593313280	source_c_webdataset/1000/shard_000881.tar
5566412800	source_c_webdataset/1000/shard_000882.tar
5584640000	source_c_webdataset/1000/shard_000883.tar
5576314880	source_c_webdataset/1000/shard_000884.tar
5606010880	source_c_webdataset/1000/shard_000885.tar
5610188800	source_c_webdataset/1000/shard_000886.tar
5603911680	source_c_webdataset/1000/shard_000887.tar
5586595840	source_c_webdataset/1000/shard_000888.tar
5596446720	source_c_webdataset/1000/shard_000889.tar
5600307200	source_c_webdataset/1000/shard_000890.tar
5568419840	source_c_webdataset/1000/shard_000891.tar
5599375360	source_c_webdataset/1000/shard_000892.tar
5593128960	source_c_webdataset/1000/shard_000893.tar
5581363200	source_c_webdataset/1000/shard_000894.tar
5610188800	source_c_webdataset/1000/shard_000895.tar
5601249280	source_c_webdataset/1000/shard_000896.tar
5588387840	source_c_webdataset/1000/shard_000897.tar
5576355840	source_c_webdataset/1000/shard_000898.tar
5589637120	source_c_webdataset/1000/shard_000899.tar
5591336960	source_c_webdataset/1000/shard_000900.tar
5604167680	source_c_webdataset/1000/shard_000901.tar
5574850560	source_c_webdataset/1000/shard_000902.tar
5605795840	source_c_webdataset/1000/shard_000903.tar
5575987200	source_c_webdataset/1000/shard_000904.tar
5590415360	source_c_webdataset/1000/shard_000905.tar
5590220800	source_c_webdataset/1000/shard_000906.tar
5580605440	source_c_webdataset/1000/shard_000907.tar
5592320000	source_c_webdataset/1000/shard_000908.tar
5587189760	source_c_webdataset/1000/shard_000909.tar
5583237120	source_c_webdataset/1000/shard_000910.tar
5595064320	source_c_webdataset/1000/shard_000911.tar
5577451520	source_c_webdataset/1000/shard_000912.tar
5594347520	source_c_webdataset/1000/shard_000913.tar
5592494080	source_c_webdataset/1000/shard_000914.tar
5576253440	source_c_webdataset/1000/shard_000915.tar
5588910080	source_c_webdataset/1000/shard_000916.tar
5610260480	source_c_webdataset/1000/shard_000917.tar
5590630400	source_c_webdataset/1000/shard_000918.tar
5603594240	source_c_webdataset/1000/shard_000919.tar
5569146880	source_c_webdataset/1000/shard_000920.tar
5582981120	source_c_webdataset/1000/shard_000921.tar
5585428480	source_c_webdataset/1000/shard_000922.tar
5568337920	source_c_webdataset/1000/shard_000923.tar
5587374080	source_c_webdataset/1000/shard_000924.tar
5589944320	source_c_webdataset/1000/shard_000925.tar
5587712000	source_c_webdataset/1000/shard_000926.tar
5573539840	source_c_webdataset/1000/shard_000927.tar
5578885120	source_c_webdataset/1000/shard_000928.tar
5590517760	source_c_webdataset/1000/shard_000929.tar
5591920640	source_c_webdataset/1000/shard_000930.tar
5601812480	source_c_webdataset/1000/shard_000931.tar
5596712960	source_c_webdataset/1000/shard_000932.tar
5597132800	source_c_webdataset/1000/shard_000933.tar
5599283200	source_c_webdataset/1000/shard_000934.tar
5573754880	source_c_webdataset/1000/shard_000935.tar
5581987840	source_c_webdataset/1000/shard_000936.tar
5596129280	source_c_webdataset/1000/shard_000937.tar
5585315840	source_c_webdataset/1000/shard_000938.tar
5593712640	source_c_webdataset/1000/shard_000939.tar
5592524800	source_c_webdataset/1000/shard_000940.tar
5590353920	source_c_webdataset/1000/shard_000941.tar
5577902080	source_c_webdataset/1000/shard_000942.tar
5587056640	source_c_webdataset/1000/shard_000943.tar
5595504640	source_c_webdataset/1000/shard_000944.tar
5581885440	source_c_webdataset/1000/shard_000945.tar
5579325440	source_c_webdataset/1000/shard_000946.tar
5572812800	source_c_webdataset/1000/shard_000947.tar
5586810880	source_c_webdataset/1000/shard_000948.tar
5589442560	source_c_webdataset/1000/shard_000949.tar
5594009600	source_c_webdataset/1000/shard_000950.tar
5605908480	source_c_webdataset/1000/shard_000951.tar
5569832960	source_c_webdataset/1000/shard_000952.tar
5620500480	source_c_webdataset/1000/shard_000953.tar
5563750400	source_c_webdataset/1000/shard_000954.tar
5576837120	source_c_webdataset/1000/shard_000955.tar
5614110720	source_c_webdataset/1000/shard_000956.tar
5583042560	source_c_webdataset/1000/shard_000957.tar
5573437440	source_c_webdataset/1000/shard_000958.tar
5577523200	source_c_webdataset/1000/shard_000959.tar
5586759680	source_c_webdataset/1000/shard_000960.tar
5589411840	source_c_webdataset/1000/shard_000961.tar
5573038080	source_c_webdataset/1000/shard_000962.tar
5613916160	source_c_webdataset/1000/shard_000963.tar
5569873920	source_c_webdataset/1000/shard_000964.tar
5591357440	source_c_webdataset/1000/shard_000965.tar
5605816320	source_c_webdataset/1000/shard_000966.tar
5588879360	source_c_webdataset/1000/shard_000967.tar
5607598080	source_c_webdataset/1000/shard_000968.tar
5581465600	source_c_webdataset/1000/shard_000969.tar
5593784320	source_c_webdataset/1000/shard_000970.tar
5608734720	source_c_webdataset/1000/shard_000971.tar
5603696640	source_c_webdataset/1000/shard_000972.tar
5601853440	source_c_webdataset/1000/shard_000973.tar
5604116480	source_c_webdataset/1000/shard_000974.tar
5621544960	source_c_webdataset/1000/shard_000975.tar
5594910720	source_c_webdataset/1000/shard_000976.tar
5588981760	source_c_webdataset/1000/shard_000977.tar
5604341760	source_c_webdataset/1000/shard_000978.tar
5595750400	source_c_webdataset/1000/shard_000979.tar
5604024320	source_c_webdataset/1000/shard_000980.tar
5600901120	source_c_webdataset/1000/shard_000981.tar
5606318080	source_c_webdataset/1000/shard_000982.tar
5613025280	source_c_webdataset/1000/shard_000983.tar
5598801920	source_c_webdataset/1000/shard_000984.tar
5582059520	source_c_webdataset/1000/shard_000985.tar
5626255360	source_c_webdataset/1000/shard_000986.tar
5587527680	source_c_webdataset/1000/shard_000987.tar
5573232640	source_c_webdataset/1000/shard_000988.tar
5598668800	source_c_webdataset/1000/shard_000989.tar
5571000320	source_c_webdataset/1000/shard_000990.tar
5572577280	source_c_webdataset/1000/shard_000991.tar
5601402880	source_c_webdataset/1000/shard_000992.tar
5603768320	source_c_webdataset/1000/shard_000993.tar
5585162240	source_c_webdataset/1000/shard_000994.tar
5584906240	source_c_webdataset/1000/shard_000995.tar
5611458560	source_c_webdataset/1000/shard_000996.tar
5600215040	source_c_webdataset/1000/shard_000997.tar
5585817600	source_c_webdataset/1000/shard_000998.tar
5586073600	source_c_webdataset/1000/shard_000999.tar
5573570560	source_c_webdataset/2000/shard_001000.tar
5582356480	source_c_webdataset/2000/shard_001001.tar
5591121920	source_c_webdataset/2000/shard_001002.tar
5583687680	source_c_webdataset/2000/shard_001003.tar
5596088320	source_c_webdataset/2000/shard_001004.tar
5594869760	source_c_webdataset/2000/shard_001005.tar
5588705280	source_c_webdataset/2000/shard_001006.tar
5580697600	source_c_webdataset/2000/shard_001007.tar
5597624320	source_c_webdataset/2000/shard_001008.tar
5580769280	source_c_webdataset/2000/shard_001009.tar
5583912960	source_c_webdataset/2000/shard_001010.tar
5587681280	source_c_webdataset/2000/shard_001011.tar
5592023040	source_c_webdataset/2000/shard_001012.tar
5615124480	source_c_webdataset/2000/shard_001013.tar
5581506560	source_c_webdataset/2000/shard_001014.tar
5585274880	source_c_webdataset/2000/shard_001015.tar
5583206400	source_c_webdataset/2000/shard_001016.tar
5592924160	source_c_webdataset/2000/shard_001017.tar
5593415680	source_c_webdataset/2000/shard_001018.tar
5590876160	source_c_webdataset/2000/shard_001019.tar
5602631680	source_c_webdataset/2000/shard_001020.tar
5596989440	source_c_webdataset/2000/shard_001021.tar
5585776640	source_c_webdataset/2000/shard_001022.tar
5596231680	source_c_webdataset/2000/shard_001023.tar
5592176640	source_c_webdataset/2000/shard_001024.tar
5602928640	source_c_webdataset/2000/shard_001025.tar
5608939520	source_c_webdataset/2000/shard_001026.tar
5575147520	source_c_webdataset/2000/shard_001027.tar
5590159360	source_c_webdataset/2000/shard_001028.tar
5580032000	source_c_webdataset/2000/shard_001029.tar
5591121920	source_c_webdataset/2000/shard_001030.tar
5596446720	source_c_webdataset/2000/shard_001031.tar
5588869120	source_c_webdataset/2000/shard_001032.tar
5594798080	source_c_webdataset/2000/shard_001033.tar
5589637120	source_c_webdataset/2000/shard_001034.tar
5572044800	source_c_webdataset/2000/shard_001035.tar
5608673280	source_c_webdataset/2000/shard_001036.tar
5586083840	source_c_webdataset/2000/shard_001037.tar
5609707520	source_c_webdataset/2000/shard_001038.tar
5590497280	source_c_webdataset/2000/shard_001039.tar
5582172160	source_c_webdataset/2000/shard_001040.tar
5604372480	source_c_webdataset/2000/shard_001041.tar
5577195520	source_c_webdataset/2000/shard_001042.tar
5581588480	source_c_webdataset/2000/shard_001043.tar
5590323200	source_c_webdataset/2000/shard_001044.tar
5587927040	source_c_webdataset/2000/shard_001045.tar
5615247360	source_c_webdataset/2000/shard_001046.tar
5595156480	source_c_webdataset/2000/shard_001047.tar
5591009280	source_c_webdataset/2000/shard_001048.tar
5604536320	source_c_webdataset/2000/shard_001049.tar
5591736320	source_c_webdataset/2000/shard_001050.tar
5583257600	source_c_webdataset/2000/shard_001051.tar
5600143360	source_c_webdataset/2000/shard_001052.tar
5595873280	source_c_webdataset/2000/shard_001053.tar
5566351360	source_c_webdataset/2000/shard_001054.tar
3821230080	source_c_webdataset/2000/shard_001055.tar
